ID_person	Gender	disease_(other_name)	cDna	Protein	new/published_variant	Type_on_DNA	Coding_Effect	Allele_zygosity	Clinical_Significance	cDna2	Protein2	Type_on_DNA2	Coding_Effect2	Clinical_Significance2	HPO_Terms																				
1444692	M		c.794_796del	p.S265del		Deletion	In-frame	Homozygous	P						HP:0002333																				
1162660	M		c.83G>A	p.R28K		Substitution	Missense	Homozygous	P						HP:0000505	HP:0001249	HP:0001251	HP:0001252	HP:0001257	HP:0001298	HP:0001321	HP:0002197	HP:0002376	HP:0010729	HP:0012444										
1095179	M		c.247G>A	p.D83N	new	Substitution	Missense	Homozygous	VUS						HP:0000238	HP:0000510	HP:0001257	HP:0001272	HP:0002376	HP:0003621	HP:0006956	HP:0007010	HP:0007082	HP:0040197	HP:0100951										
1101243	F		c.257A>G	p.H86R	new	Substitution	Missense	Homozygous	LP						HP:0000329	HP:0000750	HP:0001270	HP:0002120	HP:0002194	HP:0002376	HP:0007272	HP:0012444													
1298058	F		c.659A>C	p.Y220S		Substitution	Missense	Homozygous	VUS						HP:0000007	HP:0002376	HP:0007272	HP:0011463																	
1236797	M		c.794_796del	p.S265del		Deletion	In-frame	Homozygous	P						HP:0002376	HP:0012447	HP:0100022																		
1374629	F		c.794_796del	p.S265del		Deletion	In-frame	Homozygous	P						HP:0000252	HP:0001250	HP:0001268	HP:0002167	HP:0002359	HP:0002371	HP:0002376	HP:0009830	HP:0100543												
1436628	F		c.794_796del	p.S265del		Deletion	In-frame	Homozygous	P						HP:0001272	HP:0002180	HP:0002376	HP:0002500																	
1062127	F		c.164A>C	p.N55T	new	Substitution	Missense	Homozygous	VUS						HP:0000750	HP:0001252	HP:0001257	HP:0001270	HP:0001332	HP:0001347															
1234336	M		c.257A>G	p.H86R	new	Substitution	Missense	Homozygous	LP						HP:0001252	HP:0001276	HP:0001324	HP:0001430	HP:0003236	HP:0003259	HP:0008981														
1438557	F		c.407G>A	p.R136H		Substitution	Missense	Homozygous	P						-1																				
1099197	F		c.662A>C	p.Y221S		Substitution	Missense	Homozygous	LP						HP:0000365	HP:0000608	HP:0000618	HP:0000639	HP:0000648	HP:0000707	HP:0000750	HP:0000952	HP:0001250	HP:0001251	HP:0001272	HP:0002066	HP:0002073	HP:0002376	HP:0007018	HP:0011004	HP:0011170				
1536641	M		c.662A>C	p.Y221S		Substitution	Missense	Homozygous	LP						HP:0000505	HP:0000733	HP:0000748	HP:0000952	HP:0001028	HP:0001249	HP:0001250	HP:0001252	HP:0001508	HP:0001653	HP:0002180	HP:0002280	HP:0002376	HP:0002465	HP:0004488	HP:0006579	HP:0007018	HP:0007360	HP:0007461	HP:0012501	
1232701	?		c.757_759del	p.L253del	new	Deletion	In-frame	Homozygous	VUS						-1																				
1304437	M		c.794_796del	p.S265del		Deletion	In-frame	Homozygous	P						HP:0001272	HP:0002376	HP:0011463																		
1466225	F	juvenile_onset_CLN6	c.395_396del	p.S132Cfs*18		Deletion	Frameshift	Homozygous	P						HP:0000708	HP:0000712	HP:0000822	HP:0001249	HP:0001250	HP:0001258	HP:0001260	HP:0001276	HP:0001288	HP:0001324	HP:0002123	HP:0002376									
1050154	M		c.395_396del	p.S132Cfs*18		Deletion	Frameshift	Homozygous	P						HP:0001249	HP:0001250	HP:0001252	HP:0001263	HP:0001272	HP:0001347	HP:0002123	HP:0002141	HP:0002376	HP:0003739											
1020497	M		c.395_396del	p.S132Cfs*18		Deletion	Frameshift	Homozygous	P						HP:0000750	HP:0001250	HP:0001251	HP:0001252	HP:0001263	HP:0002123	HP:0002133	HP:0002353	HP:0002376	HP:0003551	HP:0006957										
1499102	F		c.397_398del	p.V133Qfs*17	new	Deletion	Frameshift	Homozygous	LP						HP:0000726	HP:0000750	HP:0001249	HP:0001250	HP:0001251	HP:0001252	HP:0001257	HP:0001270	HP:0001347	HP:0002123	HP:0002197	HP:0002376									
1333264	F		c.397_398del	p.V133Qfs*17	new	Deletion	Frameshift	Homozygous	LP						HP:0000726	HP:0000750	HP:0001249	HP:0001250	HP:0001251	HP:0001252	HP:0001257	HP:0001270	HP:0001347	HP:0002123	HP:0002197	HP:0002376									
1241284	M		c.395_396del	p.S132Cfs*18		Deletion	Frameshift	Homozygous	P						HP:0000750	HP:0001252	HP:0001290	HP:0001347	HP:0001348	HP:0002123	HP:0002197	HP:0002317	HP:0002359	HP:0002376	HP:0002474	HP:0003676	HP:0011166								
1017778	M		c.395_396del	p.S132Cfs*18		Deletion	Frameshift	Homozygous	P						HP:0001249	HP:0001250	HP:0001257	HP:0001317	HP:0001347	HP:0002123	HP:0002376	HP:0007256													
1158242	M	juvenile_onset_CLN6	c.395_396del	p.S132Cfs*18		Deletion	Frameshift	Homozygous	P						HP:0001249	HP:0001250	HP:0001252	HP:0001347	HP:0001992	HP:0002123	HP:0002376														
1241217	M		c.-158_83del	p.?	new	Gross_deletion	Effect_unknown	Homozygous	P						HP:0000505	HP:0001250	HP:0001260	HP:0001332	HP:0001336	HP:0002180	HP:0002376	HP:0002518	HP:0007305	HP:0012444											
1301331	M		c.-158_83dup	p.?	??	Gross_duplication	Effect_unknown	Homozygous	VUS						HP:0001250	HP:0001263	HP:0003593	HP:0200134																	
1026694	M		c.1_11del	p.M1?		Deletion	Start_loss	Homozygous	LP						HP:0002197	HP:0002376																			
1034350	F	juvenile_onset_CLN6	c.115C>G	p.R39G		Substitution	Missense	Homozygous	VUS						HP:0001263																				
1352235	F		c.144G>A	p.W48X	new	Substitution	Nonsense	Homozygous	LP						HP:0000750	HP:0002415	HP:0010729																		
1064482	F	juvenile_onset_CLN6	c.177C>G	p.D59E	new	Substitution	Missense	Homozygous	VUS						HP:0000739	HP:0000750	HP:0001249	HP:0001250	HP:0001251	HP:0001337	HP:0002197	HP:0002376	HP:0002415	HP:0002505	HP:0006957	HP:0007018	HP:0007270	HP:0012444	HP:0025045	HP:0100543					
1071683	F		c.214G>T	p.E72X		Substitution	Nonsense	Homozygous	P						HP:0001250																				
1072353	?		c.224del	p.P75Hfs*41	new	Deletion	Frameshift	Homozygous	P						-1																				
1077954	?		c.244G>C	p.G82R	new	Substitution	Missense	Heterozygous	VUS	c.552del	p.F185Sfs*21	Deletion	Frameshift	LP	HP:0000726	HP:0001103	HP:0001250	HP:0001387	HP:0003701	HP:0012447															
1077998	F		c.247G>A	p.D83N	new	Substitution	Missense	Homozygous	VUS						HP:0001251	HP:0002267	HP:0002376	HP:0003621	HP:0007360																
1095907	M		c.248A>G	p.D83G	new	Substitution	Missense	Homozygous	VUS						HP:0000735	HP:0000750	HP:0001249	HP:0001257	HP:0001276	HP:0001298	HP:0001328	HP:0001332	HP:0001336	HP:0001347	HP:0002072	HP:0002194	HP:0002267	HP:0002307	HP:0002376	HP:0002510	HP:0004373	HP:0010862	HP:0011410	HP:0025116	HP:0031936
1097828	M		c.257A>G	p.H86R	new	Substitution	Missense	Homozygous	LP						HP:0000752	HP:0001251	HP:0001268	HP:0002273																	
1098473	M		c.257A>G	p.H86R	new	Substitution	Missense	Homozygous	LP						HP:0000543	HP:0001317	HP:0002353	HP:0100704																	
1098933	M		c.257A>G	p.H86R	new	Substitution	Missense	Homozygous	LP						HP:0000280	HP:0001249	HP:0001251	HP:0001257	HP:0001260	HP:0010729															
1106669	M		c.281C>T	p.P94L	new	Substitution	Missense	Homozygous	VUS						HP:0000280	HP:0001249	HP:0001251	HP:0001257	HP:0001260	HP:0010729															
1130893	F		c.299T>G	p.L100R		Substitution	Missense	Homozygous	VUS						HP:0001344	HP:0002317	HP:0002376	HP:0002395	HP:0002500	HP:0010819	HP:0011463	HP:0031826													
1135791	M	Kufs_type_A	c.308G>A	p.R103Q		Substitution	Missense	Heterozygous	P	c.775G>A	p.G259S	Substitution	Missense	VUS	HP:0000483	HP:0000763	HP:0001249	HP:0002059	HP:0002061	HP:0003445	HP:0012758														
1152934	F		c.316dup	p.R106Pfs*26		Duplication	Frameshift	Homozygous	P						HP:0002136	HP:0002283	HP:0002353	HP:0002355	HP:0002359	HP:0002371	HP:0002376	HP:0002465	HP:0002500	HP:0007185	HP:0009046	HP:0011463	HP:0025401								
1154227	F		c.316dup	p.R106Pfs*26		Duplication	Frameshift	Homozygous	P						HP:0001249	HP:0001250	HP:0001257	HP:0001270	HP:0001298	HP:0001332	HP:0001347	HP:0002015	HP:0002283	HP:0002333	HP:0002376	HP:0002607	HP:0006957	HP:0007359	HP:0012444	HP:0012758					
1155772	M	adult_kufs_type_A	c.350T>G	p.I117S	new	Substitution	Missense	Homozygous	VUS						HP:0000035	HP:0001250	HP:0001251	HP:0002069	HP:0100543																
1157472	F		c.379C>T	p.H127Y	new	Substitution	Missense	Homozygous	VUS						HP:0000365	HP:0000478	HP:0000572	HP:0000598	HP:0001250	HP:0002011	HP:0002333														
1230096	M		c.406C>T	p.R136C		Substitution	Missense	Homozygous	LP						HP:0000252	HP:0001257	HP:0001272	HP:0001336	HP:0001337	HP:0001348	HP:0002120	HP:0002376	HP:0002395	HP:0002500	HP:0002540	HP:0010819									
1233305	M		c.407G>A	p.R136H		Substitution	Missense	Homozygous	P						HP:0000750	HP:0001337	HP:0002355	HP:0002376	HP:0006579																
1403048	M		c.434A>C	p.H145P	new	Substitution	Missense	Homozygous	VUS						HP:0000708	HP:0001249	HP:0001250	HP:0001251	HP:0001260	HP:0001288	HP:0001324	HP:0001371	HP:0002015	HP:0002194	HP:0002312	HP:0002615	HP:0007010	HP:0011443	HP:0012638	HP:0025236					
1206202	M		c.434A>G	p.H145R		Substitution	Missense	Homozygous	VUS						HP:0002059																				
1229149	F		c.445C>T	p.R149C		Substitution	Missense	Homozygous	VUS						HP:0000252	HP:0000486	HP:0000817	HP:0001252	HP:0001263	HP:0001283	HP:0001284	HP:0001332	HP:0001347	HP:0002376	HP:0002398	HP:0003429	HP:0003577	HP:0003593	HP:0012448						
1185966	F		c.461_463del	p.I154del		Deletion	In-frame	Homozygous	P						HP:0000817	HP:0005216	HP:0025404	HP:0100022																	
1229827	F		c.461_463del	p.I154del		Deletion	In-frame	Heterozygous	P	c.829_836delinsCCT	p.V277Pfs*5	Insertion/Deletion_(indel)	Frameshift	P	-1																				
1242418	F		c.461_463del	p.I154del		Deletion	In-frame	Homozygous	P						HP:0001098	HP:0001251	HP:0001260	HP:0001272	HP:0001336	HP:0002376	HP:0012443														
1250216	M		c.461_463del	p.I154del		Deletion	In-frame	Homozygous	P						HP:0000365	HP:0000505	HP:0001249	HP:0001250	HP:0001251	HP:0001257	HP:0001260	HP:0002015													
1260228	M		c.476C>T	p.P159L		Substitution	Missense	Homozygous	LP						HP:0002180																				
1265742	M		c.476C>T	p.P159L		Substitution	Missense	Homozygous	LP						HP:0001250	HP:0001251	HP:0001270	HP:0001272	HP:0001321	HP:0002376															
1266133	F		c.476C>T	p.P159L		Substitution	Missense	Homozygous	LP						HP:0000750	HP:0001251	HP:0001272	HP:0001288	HP:0003487																
1340459	M		c.486+2T>A	p.?	new	Substitution	Splicing_mutation	Homozygous	LP						HP:0000505	HP:0001250	HP:0001252	HP:0001257	HP:0001298	HP:0002197	HP:0002415	HP:0003128													
1271657	M		c.486+2T>C	p.?	new	Substitution	Splicing_mutation	Homozygous	LP						HP:0000324	HP:0000325	HP:0000426	HP:0000494	HP:0000750	HP:0001249	HP:0001250	HP:0001251	HP:0001270	HP:0001272	HP:0001321	HP:0001999	HP:0002353	HP:0002376	HP:0002415	HP:0002515	HP:0003781	HP:0006808	HP:0007359	HP:0011185	HP:0012447
1282887	M		c.543-2A>G	p.?	new	Substitution	Splicing_mutation	Homozygous	LP						HP:0001263	HP:0001272	HP:0002376																		
1285086	F		c.587G>T	p.C196F	new	Substitution	Missense	Homozygous	VUS						HP:0000750	HP:0001251	HP:0001324	HP:0002073	HP:0002376	HP:0002465	HP:0011463														
1244659	F		c.662A>C	p.Y221S		Substitution	Missense	Homozygous	LP						HP:0001249	HP:0001263																			
1318838	M		c.662A>C	p.Y221S		Substitution	Missense	Homozygous	LP						HP:0000750	HP:0001249	HP:0001250	HP:0001251	HP:0001270	HP:0001508	HP:0002059	HP:0002119	HP:0002197	HP:0002376	HP:0410263										
1331429	F		c.715_717del	p.F239del	new	Deletion	In-frame	Homozygous	VUS						HP:0000549	HP:0000708	HP:0000750	HP:0001249	HP:0001251	HP:0001260	HP:0001263	HP:0002167													
1338915	F		c.765_785del	p.D256_L262del	new	Deletion	In-frame	Homozygous	LP						HP:0000365	HP:0000405	HP:0000529	HP:0000750	HP:0001249	HP:0001251	HP:0001252	HP:0001263	HP:0001272	HP:0002354	HP:0002373	HP:0002376	HP:0002415	HP:0007018	HP:0011463	HP:0012444	HP:0012447	HP:0012448	HP:0025268	HP:0030891	HP:0410263
1339010	M	teen-age_progressive_myoclonus_epilepsy	c.768C>G	p.D256E		Substitution	Missense	Homozygous	P						HP:0001251	HP:0001252	HP:0001321	HP:0001324	HP:0003324	HP:0003808	HP:0006829														
1229915	M		c.773A>G	p.N258S	new	Substitution	Missense	Homozygous	VUS						HP:0001250	HP:0001263	HP:0002376	HP:0011344																	
1269938	F		c.773A>G	p.N258S	new	Substitution	Missense	Homozygous	VUS						HP:0001249	HP:0001250	HP:0001251	HP:0001263																	
1377373	?		c.773A>G	p.N258S	new	Substitution	Missense	Homozygous	VUS						HP:0001250	HP:0001263																			
1346566	F		c.794_796del	p.S265del		Deletion	In-frame	Homozygous	P						-1																				
1164869	M		c.794_796del	p.S265del		Deletion	In-frame	Homozygous	P						HP:0000572	HP:0001250	HP:0001371	HP:0002333	HP:0002944	HP:0003621	HP:0009062														
1312333	M		c.794_796del	p.S265del		Deletion	In-frame	Homozygous	P						HP:0000505	HP:0000750	HP:0001272	HP:0002333	HP:0002359	HP:0002376	HP:0002540	HP:0003739													
1353794	M		c.794_796del	p.S265del		Deletion	In-frame	Homozygous	P						HP:0001252	HP:0001263	HP:0002011	HP:0003011	HP:0009830	HP:0012444															
1414629	F		c.794_796del	p.S265del		Deletion	In-frame	Homozygous	P						HP:0000252	HP:0000750	HP:0001249	HP:0001250	HP:0001263	HP:0001270	HP:0002373	HP:0003739	HP:0007369												
1439338	F		c.794_796del	p.S265del		Deletion	In-frame	Homozygous	P						HP:0001250	HP:0001263	HP:0001272	HP:0002180	HP:0002359	HP:0002376	HP:0100543														
1442178	F		c.794_796del	p.S265del		Deletion	In-frame	Homozygous	P						HP:0002376																				
1480193	M		c.794_796del	p.S265del		Deletion	In-frame	Homozygous	P						HP:0007307																				
1355794	M		c.794_796del	p.S265del		Deletion	In-frame	Homozygous	P						HP:0001250	HP:0001268																			
1361732	F		c.794_796del	p.S265del		Deletion	In-frame	Homozygous	P						HP:0001249	HP:0001251	HP:0002011	HP:0003739	HP:0009830																
1386394	F		c.794_796del	p.S265del		Deletion	In-frame	Homozygous	P						HP:0001251	HP:0001272	HP:0002180	HP:0002312	HP:0002359	HP:0002500	HP:0012758														
1400597	M		c.794_796del	p.S265del		Deletion	In-frame	Homozygous	P						HP:0001263	HP:0002197	HP:0002344	HP:0012444																	
1361861	F		c.794_796del	p.S265del		Deletion	In-frame	Homozygous	P						-1																				
1362980	F		c.794_796del	p.S265del		Deletion	In-frame	Homozygous	P						HP:0000648	HP:0001250	HP:0001252	HP:0001257	HP:0001276	HP:0001298	HP:0002376	HP:0002415	HP:0002500	HP:0002505	HP:0006957										
1364013	M		c.794_796del	p.S265del		Deletion	In-frame	Homozygous	P						-1																				
1366188	?		c.794_796del	p.S265del		Deletion	In-frame	Homozygous	P						-1																				
1391516	F		c.794_796del	p.S265del		Deletion	In-frame	Homozygous	P						HP:0000618	HP:0001272	HP:0002059	HP:0002376	HP:0002493																
1404409	M		c.794_796del	p.S265del		Deletion	In-frame	Homozygous	P						HP:0000365	HP:0000505	HP:0000726	HP:0001249	HP:0001250	HP:0001251	HP:0001257	HP:0001260	HP:0001272	HP:0002015											
1407013	F		c.794_796del	p.S265del		Deletion	In-frame	Homozygous	P						HP:0000252	HP:0001249	HP:0001252	HP:0001257	HP:0001347	HP:0002194	HP:0002197	HP:0002376	HP:0006872	HP:0012444	HP:0012447										
1451285	?		c.794_796del	p.S265del		Deletion	In-frame	Homozygous	P						-1																				
1475101	M		c.794_796del	p.S265del		Deletion	In-frame	Homozygous	P						HP:0000007	HP:0001251	HP:0001317	HP:0002121	HP:0002376	HP:0007334	HP:0011463														
1488463	M		c.794_796del	p.S265del		Deletion	In-frame	Homozygous	P						HP:0000529	HP:0000546	HP:0001250	HP:0001252	HP:0001272	HP:0001336	HP:0002376	HP:0002500													
1498652	F		c.794_796del	p.S265del		Deletion	In-frame	Homozygous	P						-1																				
1499286	F		c.794_796del	p.S265del		Deletion	In-frame	Homozygous	P						HP:0000240	HP:0004325	HP:0011463																		
1508929	M		c.794_796del	p.S265del		Deletion	In-frame	Homozygous	P						HP:0000750	HP:0001250	HP:0001257	HP:0001263	HP:0001270	HP:0001288	HP:0001321	HP:0001332	HP:0002141	HP:0002373	HP:0003128	HP:0007185	HP:0010819	HP:0010845	HP:0011149	HP:0011203	HP:0012015	HP:0012444	HP:0031987		
1523762	M	juvenile_onset_CLN6	c.83G>A	p.R28K		Substitution	Missense	Homozygous	P						-1																				
1532554	F	juvenile_onset_CLN6	c.83G>A	p.R28K		Substitution	Missense	Homozygous	P						HP:0002180																				
1547746	F	juvenile_onset_CLN6_-early_onset_?	c.83G>A	p.R28K		Substitution	Missense	Homozygous	P						HP:0001250	HP:0001263	HP:0002500	HP:0007018	HP:0012444																
1547754	F	juvenile_onset_CLN6	c.84-1G>A	p.?		Substitution	Splicing_mutation	Homozygous	LP						HP:0001250	HP:0001251	HP:0001257	HP:0001276	HP:0001508	HP:0002376	HP:0011463														
