ID_person	Gender	disease_.other_name.	cDna	Protein	new.published_variant	Type_on_DNA	Coding_Effect	Allele_zygosity	Clinical_Significance	cDna2	Protein2	Type_on_DNA2	Coding_Effect2	Clinical_Significance2	HPO_Terms	Country.of.origin	Age.at.onset	Age.at.referral	Age.at.diagnosis
1	F		c.445C>T	p.R149C		Substitution	Missense	Homozygous	VUS						HP:0000252,HP:0000486,HP:0001252,HP:0001263,HP:0001283,HP:0001284,HP:0001298,HP:0001332,HP:0001347,HP:0002376,HP:0002398,HP:0003429,HP:0003577,HP:0003593,HP:0012448	Jordan	5.5	9	9
2	?		c.461_463del	p.I154del		Deletion	In-frame	Homozygous	P						HP:0005216,HP:0100022	Jordan	Not provided	unknown	unknown
3	F		c.794_796del	p.S265del		Deletion	In-frame	Homozygous	P						HP:0000750,HP:0001250,HP:0001257,HP:0001263,HP:0001270,HP:0001272,HP:0001288,HP:0001321,HP:0001332,HP:0002141,HP:0002373,HP:0003128,HP:0007185,HP:0010819,HP:0010845,HP:0011203,HP:0012015,HP:0012444,HP:0031987	Oman	Not provided	5.83	5.1
4	F		c.379C>T	p.H127Y	new	Substitution	Missense	Homozygous	VUS						HP:0000365,HP:0000598,HP:0001250,HP:0002011,HP:0002180,HP:0002333,HP:0008981	Egypt	Not provided	0.58	0.7
5	F		c.715_717del	p.F239del	new	Deletion	In-frame	Homozygous	VUS						HP:0000708,HP:0000750,HP:0001249,HP:0001251,HP:0001260,HP:0001263,HP:0002167,HP:0003259	Lebanon	5	7.67	7.8
6	M		c.-158_83del	p.?	new	Gross_deletion	Effect unknown	Homozygous	P						HP:0001250,HP:0001257,HP:0001260,HP:0001332,HP:0001336,HP:0002180,HP:0002376,HP:0002518,HP:0007305,HP:0012444	Algeria	Not provided	8.25	8.3
7	M		c.-158_83dup	p.?	??	Gross_duplication	Effect unknown	Homozygous	VUS						HP:0001250,HP:0001263,HP:0003593,HP:0200134	Brazil	Not provided	2.75	2.1
8	M		c.1_11del	p.M1?		Deletion	Start loss	Homozygous	LP						HP:0002197,HP:0002376	Brazil	Not provided	11.42	11.5
9	?	juvenile_onset_CLN6	c.115C>G	p.R39G		Substitution	Missense	Homozygous	VUS						HP:0001263	Colombia	Not provided	5.75	5.9
10	F		c.144G>A	p.W48X	new	Substitution	Nonsense	Homozygous	LP						HP:0001250,HP:0001263,HP:0002376,HP:0011344	Egypt	Not provided	5.5	5.6
11	F	juvenile_onset_CLN6	c.164A>C	p.N55T	new	Substitution	Missense	Homozygous	VUS						HP:0000708,HP:0000712,HP:0000822,HP:0001249,HP:0001250,HP:0001258,HP:0001260,HP:0001276,HP:0001288,HP:0001324,HP:0002333,HP:0002376	Egypt	2	10.25	10.4
12	F	juvenile_onset_CLN6	c.177C>G	p.D59E	new	Substitution	Missense	Homozygous	VUS						HP:0000739,HP:0000750,HP:0001249,HP:0001250,HP:0001251,HP:0001337,HP:0002197,HP:0002376,HP:0002415,HP:0002505,HP:0006957,HP:0007018,HP:0007270,HP:0012444,HP:0025045,HP:0100543	Egypt	Not provided	5.08	5.1
13	M		c.214G>T	p.E72X		Substitution	Nonsense	Homozygous	P						HP:0001250	Egypt	Not provided	6.25	6.3
14	?		c.224del	p.P75Hfs*41	new	Deletion	Frameshift	Homozygous	P						-1	Egypt	Not provided	unknown	unknown
15	F		c.244G>C	p.G82R	new	Substitution	Missense	Heterozygous	VUS	c.552del	p.F185Sfs*21	Deletion	Frameshift	LP	HP:0000726,HP:0001103,HP:0001250,HP:0001387,HP:0003701,HP:0012447	Egypt	Not provided	3.25	3.3
16	F		c.247G>A	p.D83N	new	Substitution	Missense	Homozygous	VUS						HP:0000238,HP:0000510,HP:0001257,HP:0001272,HP:0002376,HP:0003621,HP:0006956,HP:0007082,HP:0012501,HP:0040197,HP:0100951	Egypt	Not provided	5.33	5.4
17	M		c.247G>A	p.D83N	new	Substitution	Missense	Homozygous	VUS						HP:0001251,HP:0002267,HP:0002376,HP:0003621,HP:0007360	Egypt	8.5	9.75	9.9
18	F		c.248A>G	p.D83G	new	Substitution	Missense	Homozygous	VUS						HP:0000735,HP:0000750,HP:0001249,HP:0001257,HP:0001276,HP:0001298,HP:0001328,HP:0001332,HP:0001336,HP:0001347,HP:0002072,HP:0002194,HP:0002267,HP:0002307,HP:0002376,HP:0002510,HP:0004373,HP:0010862,HP:0011410,HP:0025116,HP:0031936	Egypt	Not provided	5.83	5.1
19	F		c.257A>G	p.H86R	new	Substitution	Missense	Homozygous	LP						HP:0000543,HP:0001317,HP:0002353,HP:0011004	Egypt	4	7.17	7.2
20	F		c.257A>G	p.H86R	new	Substitution	Missense	Homozygous	LP						HP:0000329,HP:0000750,HP:0001270,HP:0001347,HP:0002120,HP:0002194,HP:0002376,HP:0012444	Egypt	4.7	5.33	5.4
21	F		c.257A>G	p.H86R	new	Substitution	Missense	Homozygous	LP						HP:0000752,HP:0001251,HP:0001268,HP:0002273	Egypt	7	9.67	9.9
22	F		c.257A>G	p.H86R	new	Substitution	Missense	Homozygous	LP						HP:0000280,HP:0001249,HP:0001251,HP:0001257,HP:0001260,HP:0010729	Egypt	Not provided	12.08	12.1
23	F		c.257A>G	p.H86R	new	Substitution	Missense	Homozygous	LP						HP:0001249,HP:0001250,HP:0001252,HP:0001263,HP:0001272,HP:0001347,HP:0002141,HP:0002376,HP:0003739,HP:0010729	Egypt	5	11.67	10.8
24	F		c.281C>T	p.P94L	new	Substitution	Missense	Homozygous	VUS						HP:0000280,HP:0001249,HP:0001251,HP:0001257,HP:0001260,HP:0010729	Egypt	Not provided	18.92	18.11
25	F		c.299T>G	p.L100R		Substitution	Missense	Homozygous	VUS						HP:0001344,HP:0002317,HP:0002376,HP:0002395,HP:0002500,HP:0010819,HP:0011463,HP:0031826	Egypt	Not provided	4.83	4.1
26	F	Kufs_type_A	c.308G>A	p.R103Q		Substitution	Missense	Heterozygous	P	c.775G>A	p.G259S	Substitution	Missense	VUS	HP:0000483,HP:0000763,HP:0001249,HP:0002059,HP:0002061,HP:0003445,HP:0012758	Egypt		4.83	4.92
27	?		c.316dup	p.R106Pfs*26		Duplication	Frameshift	Homozygous	P						HP:0002136,HP:0002283,HP:0002353,HP:0002355,HP:0002359,HP:0002371,HP:0002376,HP:0002465,HP:0002500,HP:0007185,HP:0009046,HP:0011463,HP:0025401	Egypt		6.75	6.83
28	F		c.316dup	p.R106Pfs*26		Duplication	Frameshift	Homozygous	P						HP:0001249,HP:0001250,HP:0001257,HP:0001270,HP:0001298,HP:0001332,HP:0001347,HP:0002015,HP:0002283,HP:0002333,HP:0002376,HP:0002607,HP:0006957,HP:0007359,HP:0012444,HP:0012758	Egypt	3	5.67	5.8
29	F	adult_kufs_type_A	c.350T>G	p.I117S	new	Substitution	Missense	Homozygous	VUS						HP:0000035,HP:0001250,HP:0001251,HP:0002069,HP:0100543	Egypt		18.17	18.5
30	M		c.395_396del	p.S132Cfs*18		Deletion	Frameshift	Homozygous	P						HP:0000505,HP:0000817,HP:0001249,HP:0001252,HP:0001257,HP:0002123,HP:0002197	Egypt	3.1	4.17	4.3
31	M		c.395_396del	p.S132Cfs*18		Deletion	Frameshift	Homozygous	P						HP:0000505,HP:0000529,HP:0000750,HP:0001252,HP:0001270,HP:0002123	Egypt	4	unknown	unknown
32	F		c.395_396del	p.S132Cfs*18		Deletion	Frameshift	Homozygous	P						HP:0000505,HP:0000549,HP:0000572,HP:0001252,HP:0001276,HP:0001430,HP:0002123,HP:0003236	Egypt	3.11	5.42	5.6
33	F		c.395_396del	p.S132Cfs*18		Deletion	Frameshift	Homozygous	P						HP:0000817,HP:0002123,HP:0025404	Egypt	5.1	8.83	8.1
34	F		c.395_396del	p.S132Cfs*18		Deletion	Frameshift	Homozygous	P						HP:0000505,HP:0002123	Egypt	Not provided	4.75	4.1
35	F		c.395_396del	p.S132Cfs*18		Deletion	Frameshift	Homozygous	P						HP:0000505,HP:0002123	Iran	Not provided	unknown	unknown
36	M		c.397_398del	p.V133Qfs*17	new	Deletion	Frameshift	Homozygous	LP						HP:0000478,HP:0000505,HP:0000572,HP:0000733,HP:0000748,HP:0000952,HP:0001252,HP:0002123,HP:0002376,HP:0002465,HP:0006579,HP:0007360,HP:0007461	Iran	4.1	7.83	7.11
37	M		c.397_398del	p.V133Qfs*17	new	Deletion	Frameshift	Homozygous	LP						HP:0000365,HP:0000505,HP:0000608,HP:0000639,HP:0000648,HP:0000707,HP:0000750,HP:0000952,HP:0001250,HP:0002066,HP:0002073,HP:0002123,HP:0002376,HP:0011149,HP:0100704	Iran	0.1	5.42	5.5
38	M		c.406C>T	p.R136C		Substitution	Missense	Homozygous	LP						HP:0007307,HP:0001508,HP:0001250	Iran	3	5.25	5.4
39	F		c.407G>A	p.R136H		Substitution	Missense	Homozygous	P						HP:0002376,HP:0100022,HP:0007018	Iran	2.1	5.17	5.3
40	M		c.407G>A	p.R136H		Substitution	Missense	Homozygous	P						HP:0002376,HP:0002280,HP:0001653	Iran	3	5.83	5.1
41	F		c.434A>C	p.H145P	new	Substitution	Missense	Homozygous	VUS						HP:0002180,HP:0002465,HP:0006579,HP:0007018,HP:0007360,HP:0007461	Iran	13	unknown	unknown
42	M		c.434A>G	p.H145R		Substitution	Missense	Homozygous	VUS						HP:0001321,HP:0002059	Iraq	3.4	4.08	4.1
43	F		c.461_463del	p.I154del		Deletion	In-frame	Homozygous	P						HP:0001272,HP:0002180,HP:0002376,HP:0011463	Jordan	3	4.92	5
44	?		c.461_463del	p.I154del		Deletion	In-frame	Heterozygous	P	c.829_836delinsCCT	p.V277Pfs*5	Insertion/Deletion_(indel)	Frameshift	P	HP:0001263,HP:0002197,HP:0002344,HP:0012444	Kuwait	Not provided	unknown	unknown
45	?		c.461_463del	p.I154del		Deletion	In-frame	Homozygous	P						HP:0001263,HP:0001272,HP:0002376	Kuwait	Not provided	unknown	unknown
46	M		c.476C>T	p.P159L		Substitution	Missense	Homozygous	LP						HP:0001252,HP:0001263,HP:0002011,HP:0003011,HP:0009830,HP:0012444	Kuwait	3.5	7.33	7.4
47	M		c.476C>T	p.P159L		Substitution	Missense	Homozygous	LP						HP:0001251,HP:0002376,HP:0007018	Kuwait	15	22.5	22.7
48	M		c.476C>T	p.P159L		Substitution	Missense	Homozygous	LP						HP:0001251,HP:0002180	Lebanon	4	6.25	6.3
49	F		c.486+2T>A	p.?	new	Substitution	Splicing mutation	Homozygous	LP						HP:0001251,HP:0001321,HP:0001324,HP:0002180,HP:0003324,HP:0003808,HP:0006829	Lebanon		8.75	8.83
50	M		c.486+2T>C	p.?	new	Substitution	Splicing mutation	Homozygous	LP						HP:0001251,HP:0001272,HP:0002180,HP:0002312,HP:0002359,HP:0002500,HP:0012758	Lebanon	2.9	5.17	5.2
51	F		c.543-2A>G	p.?	new	Substitution	Splicing mutation	Homozygous	LP						HP:0001250,HP:0002415,HP:0001263	Lebanon	6.1	6.08	6.2
52	M		c.587G>T	p.C196F	new	Substitution	Missense	Homozygous	VUS						HP:0001250,HP:0001371,HP:0002333,HP:0002944,HP:0003621,HP:0004488,HP:0009062	Lebanon	Not provided	4.5	4.6
53	M		c.659A>C	p.Y220S		Substitution	Missense	Homozygous	VUS						HP:0001250,HP:0001268,HP:0001249,HP:0001028	Lebanon	Not provided	14.33	14.4
54	M		c.662A>C	p.Y221S		Substitution	Missense	Homozygous	LP						HP:0001250,HP:0001263,HP:0002500,HP:0007018,HP:0012444	Lebanon	Not provided	31.83	31.11
55	M		c.662A>C	p.Y221S		Substitution	Missense	Homozygous	LP						HP:0001250,HP:0001263,HP:0001272,HP:0002180,HP:0002359,HP:0002376,HP:0100543	Lebanon	Not provided	8.58	8.7
56	M		c.662A>C	p.Y221S		Substitution	Missense	Homozygous	LP						HP:0001250,HP:0001252	Lebanon	Not provided	5.58	5.7
57	M		c.662A>C	p.Y221S		Substitution	Missense	Homozygous	LP						HP:0001250,HP:0001251,HP:0001270,HP:0001272,HP:0001321,HP:0002376	Lebanon	Not provided	9.42	9.5
58	F		c.757_759del	p.L253del	new	Deletion	In-frame	Homozygous	VUS						HP:0001250,HP:0001251,HP:0001257,HP:0001276,HP:0001508,HP:0002376,HP:0011463	Lebanon	Not provided	6.67	6.8
59	F		c.765_785del	p.D256_L262del	new	Deletion	In-frame	Homozygous	LP						HP:0001249,HP:0001263	Lebanon	Not provided	6.92	7
60	M	teen-age_progressive_myoclonus_epilepsy	c.768C>G	p.D256E		Substitution	Missense	Homozygous	P						HP:0001249,HP:0001251,HP:0002011,HP:0003739,HP:0009830	Libya	Not provided	33.17	33.3
61	M		c.773A>G	p.N258S	new	Substitution	Missense	Homozygous	VUS						HP:0001249,HP:0001250,HP:0001257,HP:0001317,HP:0001347,HP:0002376,HP:0007256,HP:0100543	Mexico		7.92	8.08
62	M		c.773A>G	p.N258S	new	Substitution	Missense	Homozygous	VUS						HP:0000726,HP:0000750,HP:0001249,HP:0001250,HP:0001251,HP:0001252,HP:0001257,HP:0001270,HP:0001347,HP:0002197,HP:0002376,HP:0007272	Morocco	Not provided	unknown	unknown
63	M		c.773A>G	p.N258S	new	Substitution	Missense	Homozygous	VUS						HP:0000726,HP:0000750,HP:0001249,HP:0001250,HP:0001251,HP:0001252,HP:0001257,HP:0001270,HP:0001347,HP:0002197,HP:0002376,HP:0007272	Oman	Not provided	6.92	6.11
64	F		c.794_796del	p.S265del		Deletion	In-frame	Homozygous	P						HP:0001098,HP:0001251,HP:0001260,HP:0001272,HP:0001336,HP:0002376,HP:0012443	Oman	Not provided	9.17	9.2
65	M		c.794_796del	p.S265del		Deletion	In-frame	Homozygous	P						HP:0000750,HP:0001337,HP:0002355,HP:0002376,HP:0006579	Pakistan	Not provided	10.58	10.7
66	F		c.794_796del	p.S265del		Deletion	In-frame	Homozygous	P						HP:0000750,HP:0001272,HP:0002333,HP:0002359,HP:0002376,HP:0002540,HP:0003739	Pakistan	Not provided	9.42	9.5
67	M		c.794_796del	p.S265del		Deletion	In-frame	Homozygous	P						HP:0000750,HP:0001252,HP:0001290,HP:0001347,HP:0001348,HP:0002197,HP:0002317,HP:0002359,HP:0002376,HP:0002474,HP:0003676,HP:0011166,HP:0012447	Pakistan	Not provided	unknown	unknown
68	F		c.794_796del	p.S265del		Deletion	In-frame	Homozygous	P						HP:0000750,HP:0001251,HP:0001324,HP:0002073,HP:0002376,HP:0002465,HP:0011463	Pakistan		2.92	2.92
69	F		c.794_796del	p.S265del		Deletion	In-frame	Homozygous	P						HP:0000750,HP:0001251,HP:0001272,HP:0001288,HP:0003487	Saudi Arabia		8	8.08
70	F		c.794_796del	p.S265del		Deletion	In-frame	Homozygous	P						HP:0000750,HP:0001250,HP:0001251,HP:0001252,HP:0001263,HP:0002133,HP:0002353,HP:0002376,HP:0003551,HP:0006957,HP:0007010	Saudi Arabia	5.6	5.67	5.8
71	M		c.794_796del	p.S265del		Deletion	In-frame	Homozygous	P						HP:0000750,HP:0001249,HP:0001250,HP:0001251,HP:0001270,HP:0001508,HP:0002059,HP:0002119,HP:0002197,HP:0002376,HP:0410263	Saudi Arabia		5.08	5.17
72	F		c.794_796del	p.S265del		Deletion	In-frame	Homozygous	P						HP:0001249,HP:0001250,HP:0001252,HP:0001347,HP:0001992,HP:0002376,HP:0002500	Saudi Arabia		8.42	8.67
73	F		c.794_796del	p.S265del		Deletion	In-frame	Homozygous	P						HP:0001249,HP:0001250,HP:0001251,HP:0001263	Saudi Arabia	3.5	6.08	6.1
74	M		c.794_796del	p.S265del		Deletion	In-frame	Homozygous	P						HP:0000708,HP:0001249,HP:0001250,HP:0001251,HP:0001260,HP:0001288,HP:0001324,HP:0001371,HP:0002015,HP:0002194,HP:0002312,HP:0002615,HP:0007010,HP:0011443,HP:0012638,HP:0025236	Saudi Arabia	3	5.75	5.1
75	F		c.794_796del	p.S265del		Deletion	In-frame	Homozygous	P						HP:0000648,HP:0001250,HP:0001252,HP:0001257,HP:0001276,HP:0001298,HP:0002376,HP:0002415,HP:0002500,HP:0002505,HP:0006957	Saudi Arabia	3	5	5
76	M		c.794_796del	p.S265del		Deletion	In-frame	Homozygous	P						HP:0000618,HP:0001272,HP:0002059,HP:0002376,HP:0002493	Saudi Arabia	4	11.25	11.4
77	M		c.794_796del	p.S265del		Deletion	In-frame	Homozygous	P						HP:0000618,HP:0001257,HP:0001298,HP:0002197,HP:0002415,HP:0003128,HP:0010729	Saudi Arabia		6.5	6.5
78	F		c.794_796del	p.S265del		Deletion	In-frame	Homozygous	P						HP:0000546,HP:0001250,HP:0001252,HP:0001272,HP:0001336,HP:0002376,HP:0002500,HP:0012444	Saudi Arabia	3.5	5.5	5.6
79	M		c.794_796del	p.S265del		Deletion	In-frame	Homozygous	P						HP:0000365,HP:0001249,HP:0001250,HP:0001251,HP:0001257,HP:0001260,HP:0001324,HP:0002015	Saudi Arabia	Not provided	2.58	2.7
80	F		c.794_796del	p.S265del		Deletion	In-frame	Homozygous	P						HP:0000365,HP:0000726,HP:0001249,HP:0001250,HP:0001251,HP:0001257,HP:0001260,HP:0001272,HP:0002015	Saudi Arabia	Not provided	4.58	4.7
81	M		c.794_796del	p.S265del		Deletion	In-frame	Homozygous	P						HP:0000365,HP:0000405,HP:0000750,HP:0001249,HP:0001251,HP:0001252,HP:0001263,HP:0001272,HP:0002354,HP:0002373,HP:0002376,HP:0002415,HP:0007018,HP:0011463,HP:0012444,HP:0012447,HP:0012448,HP:0001332,HP:0025268,HP:0030891,HP:0410263	Saudi Arabia	Not provided	4.75	4.9
82	F		c.794_796del	p.S265del		Deletion	In-frame	Homozygous	P						HP:0000324,HP:0000325,HP:0000426,HP:0000494,HP:0000750,HP:0001249,HP:0001250,HP:0001251,HP:0001270,HP:0001272,HP:0001321,HP:0001999,HP:0002353,HP:0002376,HP:0002415,HP:0002515,HP:0003781,HP:0006808,HP:0007359,HP:0011185,HP:0012447	Saudi Arabia	4	5	5
83	M		c.794_796del	p.S265del		Deletion	In-frame	Homozygous	P						HP:0000252,HP:0001257,HP:0001272,HP:0001336,HP:0001337,HP:0001348,HP:0002120,HP:0002376,HP:0002395,HP:0002500,HP:0002540,HP:0010819	Saudi Arabia		6.92	6.92
84	M		c.794_796del	p.S265del		Deletion	In-frame	Homozygous	P						HP:0000252,HP:0001250,HP:0001268,HP:0002167,HP:0002359,HP:0002371,HP:0002376,HP:0009830,HP:0011170	Saudi Arabia		17.17	17.25
85	M		c.794_796del	p.S265del		Deletion	In-frame	Homozygous	P						HP:0000252,HP:0001249,HP:0001252,HP:0001257,HP:0001347,HP:0002194,HP:0002197,HP:0002376,HP:0006872,HP:0012444,HP:0012447	Saudi Arabia	Not provided	4.83	4.11
86	M		c.794_796del	p.S265del		Deletion	In-frame	Homozygous	P						HP:0000252,HP:0000750,HP:0001249,HP:0001250,HP:0001263,HP:0001270,HP:0002373,HP:0003739,HP:0007369	Saudi Arabia	Not provided	5.5	5.7
87	M		c.794_796del	p.S265del		Deletion	In-frame	Homozygous	P						HP:0000240,HP:0002376,HP:0004325,HP:0011463	Saudi Arabia	Not provided	5.92	5.11
88	F		c.794_796del	p.S265del		Deletion	In-frame	Homozygous	P						HP:0000007,HP:0002376,HP:0011463	Saudi Arabia	Not provided	5.42	5.5
89	M		c.794_796del	p.S265del		Deletion	In-frame	Homozygous	P						HP:0000007,HP:0001251,HP:0001317,HP:0002121,HP:0002376,HP:0007334,HP:0011463	Saudi Arabia	Not provided	6	6.1
90	F		c.794_796del	p.S265del		Deletion	In-frame	Homozygous	P						-1	Sri Lanka	Not provided	5.67	5.8
91	M		c.794_796del	p.S265del		Deletion	In-frame	Homozygous	P						-1	Tunisia	Not provided	6.92	6.11
92	M		c.794_796del	p.S265del		Deletion	In-frame	Homozygous	P						-1	Tunisia	Not provided	10.5	10.6
93	M	juvenile_onset_CLN6	c.83G>A	p.R28K		Substitution	Missense	Homozygous	P						-1	Turkey		5.67	5.75
94	M	juvenile_onset_CLN6	c.83G>A	p.R28K		Substitution	Missense	Homozygous	P						-1	Turkey		7.83	7.92
95	M	juvenile_onset_CLN6	c.83G>A	p.R28K		Substitution	Missense	Homozygous	P						-1	Turkey	Not provided	6.17	6.3
96	M	juvenile_onset_CLN6_-early_onset_?	c.83G>A	p.R28K		Substitution	Missense	Homozygous	P						-1	Turkey	Not provided	8	8.1
97	M	juvenile_onset_CLN6	c.84-1G>A	p.?		Substitution	Splicing mutation	Homozygous	LP						-1	United Arab Emirates	3	5.75	5.9
