aa_position	aa	c796count	c796count_SE	c756count	c756count_SE	Index
p1	A	130	140	120	124	0
p1	C	134	150	115	132	0
p1	D	91	94	76	92	0
p1	E	143	150	110	132	0
p1	F	127	140	78	82	0
p1	G	128	138	120	137	1
p1	H	165	189	85	89	0
p1	I	179	253	79	81	0
p1	K	87	97	119	125	0
p1	L	112	116	92	109	0
p1	M	127	152	94	99	0
p1	N	135	143	75	81	0
p1	P	142	168	102	103	0
p1	Q	150	163	112	119	0
p1	R	134	147	119	129	0
p1	S	123	141	81	87	0
p1	T	97	114	105	114	0
p1	V	106	133	63	69	0
p1	W	99	112	98	120	0
p1	Y	101	114	74	85	0
p2	A	86	88	94	100	0
p2	C	49	56	89	106	0
p2	D					0
p2	E					0
p2	F	21	23	5	6	0
p2	G	37	38	46	48	0
p2	H					0
p2	I	89	94	76	84	0
p2	K					0
p2	L	128	138	120	137	1
p2	M	84	91	77	90	0
p2	N	26	29	31	37	0
p2	P					0
p2	Q	128	140	181	219	0
p2	R					0
p2	S	86	90	110	115	0
p2	T	135	152	201	226	0
p2	V	164	177	162	181	0
p2	W					0
p2	Y					0
p3	A					0
p3	C					0
p3	D					0
p3	E					0
p3	F	28	30			0
p3	G					0
p3	H					0
p3	I					0
p3	K					0
p3	L					0
p3	M					0
p3	N					0
p3	P					0
p3	Q					0
p3	R					0
p3	S					0
p3	T					0
p3	V					0
p3	W					0
p3	Y	128	138	120	137	1
p4	A					0
p4	C	43	48	50	58	0
p4	D	128	138	120	137	1
p4	E					0
p4	F					0
p4	G					0
p4	H					0
p4	I					0
p4	K					0
p4	L					0
p4	M	7	8	16	18	0
p4	N			28	32	0
p4	P					0
p4	Q					0
p4	R					0
p4	S					0
p4	T					0
p4	V					0
p4	W					0
p4	Y					0
p5	A	89	95	115	118	0
p5	C					0
p5	D					0
p5	E					0
p5	F					0
p5	G	128	138	120	137	1
p5	H			19	22	0
p5	I			87	106	0
p5	K					0
p5	L	7	10	90	106	0
p5	M					0
p5	N					0
p5	P	9	11	50	65	0
p5	Q					0
p5	R					0
p5	S	50	57	49	54	0
p5	T	46	50	68	74	0
p5	V					0
p5	W					0
p5	Y					0
p6	A					0
p6	C					0
p6	D					0
p6	E					0
p6	F					0
p6	G			73	78	0
p6	H					0
p6	I					0
p6	K					0
p6	L			28	32	0
p6	M	128	138	120	137	1
p6	N					0
p6	P	140	146	81	108	0
p6	Q					0
p6	R					0
p6	S					0
p6	T					0
p6	V					0
p6	W					0
p6	Y					0
p7	A					0
p7	C					0
p7	D					0
p7	E	128	138	120	137	1
p7	F					0
p7	G					0
p7	H					0
p7	I					0
p7	K					0
p7	L					0
p7	M					0
p7	N					0
p7	P					0
p7	Q	30	31	15	16	0
p7	R					0
p7	S					0
p7	T					0
p7	V					0
p7	W					0
p7	Y					0
p8	A			107	119	0
p8	C	29	34	103	106	0
p8	D					0
p8	E					0
p8	F	5	6	103	109	0
p8	G			118	129	0
p8	H	128	138	120	137	1
p8	I	7	9	127	142	0
p8	K					0
p8	L	125	142	142	150	0
p8	M	81	90	122	140	0
p8	N			75	90	0
p8	P			105	125	0
p8	Q	109	132	44	47	0
p8	R	107	129	50	51	0
p8	S		1	96	113	0
p8	T			92	104	0
p8	V	28	30	103	109	0
p8	W					0
p8	Y	26	34	83	109	0
p9	A	60	72	3	3	0
p9	C	24	28	20	20	0
p9	D					0
p9	E					0
p9	F	49	49	38	41	0
p9	G		1			0
p9	H					0
p9	I	73	73	67	82	0
p9	K		1			0
p9	L	128	138	120	137	1
p9	M	92	96	60	65	0
p9	N					0
p9	P					0
p9	Q	49	52	3	5	0
p9	R					0
p9	S	8	11			0
p9	T	71	83	70	84	0
p9	V	97	103	90	103	0
p9	W		1			0
p9	Y					0
